,Name,Gender,Age
308,Robert,male,32
153,Barbara,female,26
23,Madelyn,female,37
502,Edward,male,28
351,Harold,male,24
19,Alyssa,female,31
603,John,male,38
64,Regina,female,21
387,Gilbert,male,34
416,Paul,male,22
70,Stephanie,female,32
521,Rusty,male,36
6,Theresa,female,25
24,Jackie,female,34
309,Oscar,male,38
46,Gale,female,36
464,Andrew,male,18
537,Gilbert,male,20
595,Dale,male,36
270,Alexandra,female,29
258,Maxine,female,36
580,Raymond,male,28
432,William,male,37
233,Martha,female,20
311,James,male,22
511,Jerald,male,29
203,Sandra,female,38
220,Paulene,female,21
578,Santos,male,28
53,Jennifer,female,26
413,John,male,29
221,Kathy,female,32
47,Michelle,female,20
420,Larry,male,25
27,Kathryn,female,33
361,James,male,35
56,Antonette,female,33
177,Gloria,female,24
162,Beverly,female,22
142,Patricia,female,28
358,Rigoberto,male,26
496,Carmen,male,24
2,Genevieve,female,33
438,Edward,male,38
140,Ruth,female,37
288,Diane,female,34
157,Amy,female,38
566,Jamal,male,23
473,Roy,male,31
67,Cathy,female,32
281,Robin,female,36
372,John,male,38
398,Matthew,male,31
583,Richard,male,32
40,Charlene,female,27
148,Francisca,female,20
299,Christine,female,25
429,Jason,male,22
343,Lavern,male,34
426,Odis,male,20
68,Rose,female,36
54,Ann,female,38
255,Germaine,female,36
195,Tammy,female,30
314,Stephen,male,25
292,Lillian,female,21
444,Gregory,male,38
546,Robert,male,24
122,Kelly,female,21
15,Dana,female,25
126,Mary,female,32
456,Manuel,male,32
304,Ashley,female,29
400,Felix,male,29
402,Earl,male,24
105,Dorothy,female,21
512,Michael,male,36
446,Steven,male,37
193,Bridgette,female,21
86,Pamela,female,32
131,Rosemarie,female,29
454,Rufus,male,26
138,Vicki,female,18
190,Melissa,female,21
154,Allison,female,37
185,Tammy,female,29
36,Mary,female,32
469,Walter,male,24
459,Zachary,male,37
225,Priscilla,female,27
37,Brandy,female,25
5,Wendy,female,21
187,Mary,female,33
610,Paul,male,37
436,Robert,male,25
222,Joy,female,36
470,Archie,male,19
433,James,male,27
143,Susan,female,37
559,Timothy,male,31
116,Elaine,female,20
249,Mary,female,38
476,Duane,male,35
252,Eva,female,21
405,Henry,male,21
76,Maria,female,22
465,Maurice,male,37
179,Jean,female,25
571,Shane,male,28
440,Dean,male,21
109,Lorena,female,34
127,Shani,female,27
391,Robin,male,38
257,Cecilia,female,19
315,Patrick,male,26
93,Julia,female,35
137,Jessica,female,18
504,Dominique,male,31
172,Julie,female,37
125,Patricia,female,36
453,Lester,male,23
234,Eliana,female,19
57,Margaret,female,22
9,Robin,female,36
524,Ronald,male,19
87,Jenna,female,33
340,Terry,male,24
334,John,male,20
557,Hans,male,35
301,Madge,female,35
384,Douglas,male,22
510,Stanley,male,24
541,Mark,male,23
375,James,male,19
327,Chad,male,38
33,Rebecca,female,37
587,James,male,35
393,Albert,male,22
428,Howard,male,19
271,Naomi,female,35
326,Clifton,male,28
407,John,male,30
368,Reginald,male,22
232,Cornelia,female,20
437,Gerald,male,26
399,Harry,male,26
336,Charles,male,29
228,Sheila,female,25
498,Robert,male,34
528,Alvaro,male,34
480,Larry,male,31
274,Linda,female,36
560,Larry,male,37
284,Ruth,female,29
382,Douglas,male,18
330,Nathan,male,37
320,Lenny,male,33
531,Raleigh,male,37
202,Rebecca,female,26
244,Sylvia,female,19
558,John,male,21
608,Robert,male,18
354,Richard,male,31
591,Terry,male,26
296,Peggy,female,18
593,Lee,male,35
606,Brandon,male,30
199,Kristin,female,29
489,Tim,male,20
246,Teresa,female,34
590,Ernest,male,23
35,Juanita,female,37
150,Donna,female,31
277,Amanda,female,35
169,Debbie,female,34
550,Francisco,male,24
396,Dennis,male,33
362,William,male,25
475,Robert,male,22
365,Lance,male,34
224,Deborah,female,21
167,Nikki,female,31
204,Sheila,female,28
18,Exie,female,23
325,John,male,31
42,Florence,female,28
408,Johnnie,male,36
421,Patrick,male,22
178,Amanda,female,31
50,Britni,female,22
213,Georgina,female,38
535,Cesar,male,18
360,Cecil,male,24
507,Blake,male,31
576,Thomas,male,23
329,Stephen,male,35
455,Eduardo,male,29
394,Steve,male,34
370,Robert,male,30
92,Suzanne,female,34
45,Joyce,female,29
427,Jose,male,26
212,Cecelia,female,32
547,Robert,male,37
300,Ramona,female,31
602,Oliver,male,34
449,Bobby,male,29
205,Rita,female,29
59,Christy,female,28
58,Anita,female,27
28,Audrey,female,33
423,Jesus,male,23
581,Jesse,male,36
513,James,male,25
525,Joshua,male,30
483,Jeffrey,male,27
556,Anthony,male,31
282,Melissa,female,18
596,Bill,male,19
108,Alice,female,31
350,Kenneth,male,24
549,Gerald,male,20
269,Alice,female,25
241,Jody,female,23
352,Harold,male,25
196,Kathy,female,24
519,Michael,male,23
323,Frank,male,22
71,Michelle,female,21
435,Ernest,male,19
517,Ivan,male,36
11,Letitia,female,24
174,Martha,female,26
141,Rosa,female,32
303,Roberta,female,18
569,Samuel,male,24
248,Martha,female,26
452,Sherman,male,25
32,Summer,female,35
392,Richard,male,22
65,Veronica,female,24
403,James,male,27
160,Carol,female,32
419,James,male,18
540,Calvin,male,32
161,Annie,female,18
548,Larry,male,24
482,Michael,male,22
306,Craig,male,18
503,James,male,29
73,Annette,female,28
388,Jon,male,21
493,Norman,male,33
555,Eric,male,22
447,Michael,male,18
34,Meredith,female,37
563,Richard,male,23
468,Winston,male,37
238,Jennifer,female,18
278,Nicole,female,27
425,William,male,21
589,Jerome,male,21
107,Chelsea,female,28
471,Freddy,male,30
16,Amy,female,32
74,Tonya,female,38
415,Michael,male,30
526,Mark,male,18
130,Kimberly,female,28
188,Michelle,female,19
192,Ashley,female,33
104,Misty,female,34
501,James,male,18
61,Casey,female,19
376,Kelly,male,37
310,John,male,36
495,Jake,male,37
79,Oralia,female,33
378,William,male,25
4,Rebecca,female,21
518,David,male,32
83,Charlotte,female,22
450,Herman,male,27
103,Brenda,female,20
186,Rosemary,female,24
341,William,male,28
472,Tony,male,36
430,John,male,18
206,April,female,23
508,Richard,male,33
318,Jeffrey,male,18
250,Patricia,female,22
385,Roy,male,35
264,Carrie,female,30
479,Travis,male,38
272,Julie,female,24
134,Rachel,female,20
530,David,male,26
123,Katherine,female,38
260,Nora,female,38
219,Felicia,female,27
17,Denice,female,35
52,Bonnie,female,24
337,William,male,36
90,Jill,female,33
536,Kendall,male,23
554,Robert,male,27
312,Matthew,male,21
26,Susan,female,23
357,Edward,male,33
567,Ricardo,male,19
98,Jennifer,female,23
445,Phillip,male,25
227,Shari,female,31
112,Dora,female,18
197,Maxine,female,21
585,Travis,male,23
184,Janice,female,33
245,Rosemary,female,35
481,Donald,male,33
457,Angel,male,18
171,Margarita,female,34
22,Violet,female,38
99,Annette,female,18
176,Chantelle,female,22
484,Lawrence,male,22
82,Lyn,female,30
268,Helen,female,25
78,Greta,female,22
380,Earl,male,35
25,Lillian,female,37
133,Mary,female,29
266,Darlene,female,20
474,Charles,male,27
89,Mitzi,female,21
424,Stanley,male,24
539,Thomas,male,21
344,William,male,21
165,Janet,female,29
532,Robert,male,28
118,Mary,female,21
409,Logan,male,35
295,Teresa,female,32
487,Larry,male,31
538,George,male,33
477,Alfonso,male,21
3,Jane,female,18
467,John,male,18
339,Kevin,male,19
97,Jasmine,female,18
183,Penny,female,26
359,Damon,male,21
200,Linda,female,18
466,Robert,male,32
283,Linda,female,27
120,Beatrice,female,36
431,Joshua,male,31
439,Jason,male,25
240,Ruby,female,20
111,Betty,female,27
44,Brenda,female,21
298,Rachel,female,26
417,Karl,male,19
377,Kenneth,male,37
135,Susan,female,37
520,Edward,male,22
564,Mark,male,34
599,Paul,male,25
88,Jillian,female,38
201,Wanda,female,29
443,Randy,male,24
66,Wanda,female,29
406,Thomas,male,37
568,Daniel,male,23
356,Charles,male,34
273,Stacy,female,25
217,Yolanda,female,27
166,Evelyn,female,31
239,Pamela,female,29
95,Annika,female,27
542,Larry,male,29
30,Chaya,female,36
509,Richard,male,27
297,Mattie,female,37
594,Joshua,male,19
412,Angel,male,19
189,Alice,female,30
41,Mary,female,18
170,Mary,female,32
582,Dennis,male,21
251,Constance,female,34
463,Alex,male,20
317,Dale,male,23
215,Sharon,female,21
124,Gwenn,female,35
588,Mark,male,23
363,Thomas,male,38
149,Danna,female,29
261,Mariana,female,20
20,Mai,female,26
462,Eric,male,37
31,Robin,female,21
597,Joseph,male,32
451,Michael,male,37
492,Eric,male,30
158,Joann,female,21
254,Lizette,female,21
386,Dale,male,38
101,Melanie,female,36
575,Frank,male,31
198,Irene,female,23
210,Catherine,female,37
506,John,male,24
265,Kimberly,female,30
364,Dan,male,20
276,Glynda,female,37
102,Jenifer,female,22
14,Lynda,female,24
573,Gary,male,26
113,Linda,female,28
316,Adam,male,31
544,Michael,male,24
592,William,male,22
164,Grace,female,31
338,Richard,male,31
55,Grace,female,35
291,Felecia,female,38
574,Darrell,male,25
287,Kathy,female,18
335,August,male,37
12,Rosa,female,30
115,Sierra,female,29
48,Lucille,female,18
156,Heather,female,20
478,Jorge,male,20
247,Dee,female,21
515,James,male,27
355,Randy,male,25
279,Juanita,female,32
8,Marie,female,37
367,Herbert,male,31
348,Peter,male,30
280,Stephanie,female,27
460,David,male,24
328,Geoffrey,male,32
229,Susan,female,25
401,Sam,male,38
389,Moshe,male,28
418,John,male,35
207,Lynda,female,33
231,Tara,female,30
80,Elisabeth,female,38
191,Katie,female,36
10,Gail,female,22
551,William,male,23
374,John,male,23
146,Jean,female,20
601,Michael,male,32
441,Patrick,male,30
319,Anthony,male,26
313,Ryan,male,37
256,Linda,female,35
230,Dorothy,female,19
598,Tommy,male,35
85,Myrtle,female,26
458,Ryan,male,26
369,John,male,22
145,Laura,female,31
324,Ronald,male,25
62,Charlotte,female,25
132,Verla,female,26
253,Maybelle,female,25
331,Michael,male,21
208,Allyson,female,26
216,Teofila,female,25
553,Jesse,male,31
505,Duane,male,25
81,Imelda,female,21
579,William,male,21
136,Rebecca,female,34
500,Ronald,male,26
490,Barry,male,21
242,Marisa,female,34
155,Therese,female,26
461,Derrick,male,28
349,Rufus,male,31
262,Alma,female,23
545,James,male,38
128,Sharon,female,19
84,Kelly,female,38
293,Fern,female,37
514,Anthony,male,19
404,David,male,33
151,Pearl,female,34
488,Robert,male,31
347,Jackie,male,27
414,Alan,male,21
321,Christopher,male,33
94,Gina,female,23
397,Roberto,male,28
395,Roland,male,34
572,Eric,male,32
289,Tammy,female,28
584,James,male,36
497,Joel,male,32
353,Mike,male,26
96,Yong,female,21
114,Valerie,female,36
60,Emma,female,19
38,Christina,female,18
486,Boyd,male,36
448,Rodney,male,23
144,Ressie,female,26
527,Santos,male,27
159,Anne,female,30
214,Laverne,female,21
543,John,male,37
237,Judy,female,22
223,Frances,female,30
346,Dale,male,28
121,Megan,female,32
529,Jesse,male,20
63,Edelmira,female,27
194,Jamie,female,28
236,Maribel,female,26
182,Ana,female,36
390,Clifford,male,19
522,Michael,male,32
604,Thomas,male,19
605,Joe,male,35
534,William,male,19
383,Archie,male,37
342,Horacio,male,34
371,Sergio,male,35
332,Gary,male,27
263,Joan,female,23
7,Jacquelyn,female,27
267,Mary,female,33
39,Ora,female,19
152,Jonell,female,26
119,Jeanette,female,21
570,Allen,male,30
106,Jessica,female,20
366,Brandon,male,36
485,Ervin,male,35
129,Lisa,female,22
21,Janet,female,27
243,Nancy,female,26
51,Janis,female,23
163,Jamie,female,21
442,Dana,male,21
139,Doris,female,24
1,Goldie,female,30
302,Caren,female,38
173,Linda,female,19
285,Josephine,female,35
235,Susan,female,23
552,Larry,male,23
609,Thomas,male,20
275,Donna,female,29
211,Paula,female,37
345,Timothy,male,35
307,John,male,28
218,Jennifer,female,27
100,Rita,female,35
290,Susan,female,22
379,William,male,27
168,Amy,female,29
422,Clifton,male,21
226,Mary,female,28
13,Debra,female,19
523,Romeo,male,36
69,Danielle,female,18
91,Susannah,female,31
381,Stefan,male,27
373,Charles,male,19
259,Lucy,female,35
305,Rebbeca,female,22
181,Yolanda,female,27
411,Timothy,male,20
29,Camilla,female,18
607,Gary,male,32
43,Rene,female,38
209,Tracy,female,20
533,Brandon,male,34
322,Dean,male,29
491,James,male,27
75,Robin,female,29
516,Jeremy,male,20
286,Elizabeth,female,27
434,Carlos,male,23
72,Sharon,female,30
562,George,male,31
180,Cinthia,female,33
110,Susan,female,25
561,Eddie,male,26
494,James,male,20
117,Constance,female,20
294,Kiana,female,26
77,Genevieve,female,24
49,Melissa,female,18
147,Misty,female,21
586,Russell,male,22
333,Richard,male,36
577,Andrew,male,33
565,Joshua,male,32
499,John,male,33
175,Melissa,female,18
410,Donald,male,28
600,Deandre,male,29
